"ERR","MAD","MSE"
0.216582815230782,0.247683293699682,0.322324442025041
