"ERR","MAD","MSE"
0.677991003638656,1.19696329828382,2.84001002779131
