"ERR","MAD","MSE"
0.689241898977165,1.20798555998052,2.78262097813941
