"ERR","MAD","MSE"
0.676026416067387,0.828185542790018,1.27030283929748
