"ERR","MAD","MSE"
0.673450706243016,0.983233246425809,1.78329570524024
