"ERR","MAD","MSE"
0.509433962264151,1.62641509433962,6.32830188679245
