"ERR","MAD","MSE"
0.860377358490566,1.63396226415094,3.86792452830189
