"ERR","MAD","MSE"
0.637262318394394,0.880202508881754,1.50027317197129
