"ERR","MAD","MSE"
0.830582652846804,2.40019791529226,9.69937155786212
