"k","ERR","MAD","MSE"
1,0.83125,2.375,8.75
2,0.7375,1.7875,5.9875
3,0.6625,1.525,4.875
4,0.6875,1.3,3.4625
5,0.675,1.225,3.1
6,0.6375,1.11875,2.71875
7,0.63125,1.075,2.5
8,0.625,1.075,2.525
9,0.61875,1.05,2.325
10,0.6375,1.0875,2.4875
11,0.6375,1.0625,2.35
12,0.61875,1.0375,2.4
13,0.63125,1.05625,2.35625
14,0.63125,1.01875,2.20625
15,0.6375,1.05,2.3125
16,0.61875,1.0125,2.2
17,0.6375,1.0125,2.2
18,0.65625,1.04375,2.23125
19,0.63125,1.04375,2.29375
20,0.63125,1.0125,2.1625
