"ERR","MAD","MSE"
0.234177215189873,0.254430379746835,0.29493670886076
