"k","ERR","MAD","MSE"
1,0.8,1.4625,3.4625
2,0.8,1.4625,3.4625
3,0.75,1.23125,2.59375
4,0.7125,1.2125,2.575
5,0.6625,1.00625,1.95625
6,0.65,1.0375,2.1125
7,0.64375,0.9625,1.8
8,0.63125,0.95,1.7875
9,0.6625,0.9875,1.8125
10,0.65625,1,1.8875
11,0.65625,1.0125,1.9125
12,0.65,0.9625,1.75
13,0.65,0.9625,1.7375
14,0.65,0.95,1.6875
15,0.6625,0.95625,1.69375
16,0.65625,0.95,1.675
17,0.61875,0.9375,1.725
18,0.64375,0.94375,1.68125
19,0.64375,0.95,1.6875
20,0.65,0.975,1.7625
