"ERR","MAD","MSE"
0.25625,0.30625,0.41875
