"ERR","MAD","MSE"
0.847484582927621,1.19591041869523,2.1766958779617
