"ERR","MAD","MSE"
0.508425548437197,0.589613667249078,0.775752281110464
