"ERR","MAD","MSE"
0.450669772859639,0.535721219180742,0.773112017084061
