"ERR","MAD","MSE"
0.813977868375073,1.00596000776548,1.46517181129878
