"ERR","MAD","MSE"
0.371481265773636,0.413007183071248,0.515822170452339
