"ERR","MAD","MSE"
0.72129683556591,1.22875169869928,2.73696369636964
