"ERR","MAD","MSE"
0.0455057270432926,0.0455057270432926,0.0455057270432926
