"ERR","MAD","MSE"
0.69937015503876,1.10043604651163,2.28212209302326
