"ERR","MAD","MSE"
0.335852713178295,0.373837209302326,0.462984496124031
