"ERR","MAD","MSE"
0.282592964824121,0.287613065326633,0.297653266331658
