"ERR","MAD","MSE"
0.67729648241206,0.904814070351759,1.44013065326633
