"ERR","MAD","MSE"
0.545130653266332,0.655311557788945,0.891673366834171
