"ERR","MAD","MSE"
0.764030713680093,1.83030795238994,6.69632905523656
