"ERR","MAD","MSE"
0.76295139248962,1.75053996896069,5.78100596992501
