"ERR","MAD","MSE"
0.755494751905856,1.19091005443147,2.39072466813184
