"ERR","MAD","MSE"
0.74485049833887,1.53067552602436,4.20996677740864
