"ERR","MAD","MSE"
0.113399778516058,0.113399778516058,0.113399778516058
