"ERR","MAD","MSE"
0.81063122923588,1.35692137320044,3.20321151716501
