"ERR","MAD","MSE"
0.796264138546018,1.24890188111665,2.37830059575026
