"ERR","MAD","MSE"
0.737306094353074,1.50317914747445,4.18752448148421
