"ERR","MAD","MSE"
0.625368293153528,0.990481032762912,2.05542220642892
