"ERR","MAD","MSE"
0.561794871794872,1.20692307692308,4.37717948717949
