"ERR","MAD","MSE"
0.266410256410256,0.326410256410256,0.446410256410256
