"ERR","MAD","MSE"
0.600828627602366,0.712305075007406,0.950243291527889
