"ERR","MAD","MSE"
0.635891335769241,0.851961145175915,1.36321988706246
