"ERR","MAD","MSE"
0.850526315789474,0.938947368421053,1.11578947368421
