"ERR","MAD","MSE"
0.581052631578947,0.588421052631579,0.603157894736842
