"ERR","MAD","MSE"
0.0242105263157895,0.0242105263157895,0.0242105263157895
