"ERR","MAD","MSE"
0.420596571006407,0.46250238832206,0.554896697109812
