"ERR","MAD","MSE"
0.389990774907749,0.429002062079444,0.507024636422835
