"ERR","MAD","MSE"
0.424576731061428,0.464328738875624,0.546784784024311
