"ERR","MAD","MSE"
0.579143261110474,0.674820398181054,0.884855172150254
