"ERR","MAD","MSE"
0.512860863902757,0.601163989581072,0.796898741046234
