"ERR","MAD","MSE"
0.485221381532857,0.542273300470022,0.669502719502719
