"ERR","MAD","MSE"
0.231983805668016,0.231983805668016,0.231983805668016
