"ERR","MAD","MSE"
0.938461538461538,1.80107962213225,4.18272604588394
