"ERR","MAD","MSE"
0.897300944669366,1.58070175438596,3.36828609986505
